{
    "$schema": "https://schema.management.azure.com/schemas/2015-01-01/deploymentParameters.json#",
    "contentVersion": "1.0.0.0",
    "parameters": {
        "publicIPAddresses_AppGateway_ip_domainNameLabel": {
            "value": null
        },
        "applicationGateways_AppGateway_name": {
            "value": null
        },
        "virtualNetworks_VirtualNetwork_name": {
            "value": null
        },
        "publicIPAddresses_AppGateway_ip_name": {
            "value": null
        },
        "subnets_SubnetTest_name": {
            "value": null
        },
        "applicationGateways_AppGateway_id": {
            "value": null
        },
        "applicationGateways_AppGateway_id_1": {
            "value": null
        },
        "applicationGateways_AppGateway_id_2": {
            "value": null
        },
        "applicationGateways_AppGateway_id_3": {
            "value": null
        },
        "applicationGateways_AppGateway_id_4": {
            "value": null
        }
    }
}