{
    "$schema": "https://schema.management.azure.com/schemas/2015-01-01/deploymentParameters.json#",
    "contentVersion": "1.0.0.0",
    "parameters": {
        "publicIPAddresses_myAGPublicIPAddress_domainNameLabel": {
            "value": null
        },
        "virtualMachines_myVM_name": {
            "value": null
        },
        "virtualNetworks_myVNet_name": {
            "value": null
        },
        "virtualMachines_VM2_21Jan_name": {
            "value": null
        },
        "networkInterfaces_myvm827_name": {
            "value": null
        },
        "publicIPAddresses_myVM_ip_name": {
            "value": null
        },
        "networkInterfaces_vm2_21jan187_name": {
            "value": null
        },
        "networkSecurityGroups_myVM_nsg_name": {
            "value": null
        },
        "publicIPAddresses_VM2_21Jan_ip_name": {
            "value": null
        },
        "availabilitySets_VMsetForBackup_name": {
            "value": null
        },
        "applicationGateways_myAppGateway_name": {
            "value": null
        },
        "storageAccounts_resgrp21jan1diag_name": {
            "value": null
        },
        "storageAccounts_myappgatewaystore1_name": {
            "value": null
        },
        "networkSecurityGroups_VM2_21Jan_nsg_name": {
            "value": null
        },
        "publicIPAddresses_myAGPublicIPAddress_name": {
            "value": null
        },
        "subnets_myAGSubnet_name": {
            "value": null
        },
        "subnets_myBackendSubnet_name": {
            "value": null
        },
        "securityRules_RDP_name": {
            "value": null
        },
        "securityRules_Port_80_name": {
            "value": null
        },
        "securityRules_RDP_name_1": {
            "value": null
        },
        "securityRules_Port_80_name_1": {
            "value": null
        },
        "virtualMachines_myVM_id": {
            "value": null
        },
        "virtualMachines_VM2_21Jan_id": {
            "value": null
        },
        "applicationGateways_myAppGateway_id": {
            "value": null
        },
        "applicationGateways_myAppGateway_id_1": {
            "value": null
        },
        "applicationGateways_myAppGateway_id_2": {
            "value": null
        },
        "applicationGateways_myAppGateway_id_3": {
            "value": null
        },
        "applicationGateways_myAppGateway_id_4": {
            "value": null
        }
    }
}