{
    "$schema": "https://schema.management.azure.com/schemas/2015-01-01/deploymentTemplate.json#",
    "contentVersion": "1.0.0.0",
    "parameters": {
        "publicIPAddresses_myAGPublicIPAddress_domainNameLabel": {
            "defaultValue": null,
            "type": "SecureString"
        },
        "virtualMachines_myVM_name": {
            "defaultValue": "myVM",
            "type": "String"
        },
        "virtualNetworks_myVNet_name": {
            "defaultValue": "myVNet",
            "type": "String"
        },
        "virtualMachines_VM2_21Jan_name": {
            "defaultValue": "VM2-21Jan",
            "type": "String"
        },
        "networkInterfaces_myvm827_name": {
            "defaultValue": "myvm827",
            "type": "String"
        },
        "publicIPAddresses_myVM_ip_name": {
            "defaultValue": "myVM-ip",
            "type": "String"
        },
        "networkInterfaces_vm2_21jan187_name": {
            "defaultValue": "vm2-21jan187",
            "type": "String"
        },
        "networkSecurityGroups_myVM_nsg_name": {
            "defaultValue": "myVM-nsg",
            "type": "String"
        },
        "publicIPAddresses_VM2_21Jan_ip_name": {
            "defaultValue": "VM2-21Jan-ip",
            "type": "String"
        },
        "availabilitySets_VMsetForBackup_name": {
            "defaultValue": "VMsetForBackup",
            "type": "String"
        },
        "applicationGateways_myAppGateway_name": {
            "defaultValue": "myAppGateway",
            "type": "String"
        },
        "storageAccounts_resgrp21jan1diag_name": {
            "defaultValue": "resgrp21jan1diag",
            "type": "String"
        },
        "storageAccounts_myappgatewaystore1_name": {
            "defaultValue": "myappgatewaystore1",
            "type": "String"
        },
        "networkSecurityGroups_VM2_21Jan_nsg_name": {
            "defaultValue": "VM2-21Jan-nsg",
            "type": "String"
        },
        "publicIPAddresses_myAGPublicIPAddress_name": {
            "defaultValue": "myAGPublicIPAddress",
            "type": "String"
        },
        "subnets_myAGSubnet_name": {
            "defaultValue": "myAGSubnet",
            "type": "String"
        },
        "subnets_myBackendSubnet_name": {
            "defaultValue": "myBackendSubnet",
            "type": "String"
        },
        "securityRules_RDP_name": {
            "defaultValue": "RDP",
            "type": "String"
        },
        "securityRules_Port_80_name": {
            "defaultValue": "Port_80",
            "type": "String"
        },
        "securityRules_RDP_name_1": {
            "defaultValue": "RDP",
            "type": "String"
        },
        "securityRules_Port_80_name_1": {
            "defaultValue": "Port_80",
            "type": "String"
        },
        "virtualMachines_myVM_id": {
            "defaultValue": "/subscriptions/00fc6d8c-f624-42a9-b509-c0559c5590ac/resourceGroups/ResGrp-21Jan-1/providers/Microsoft.Compute/disks/myVM_OsDisk_1_0c90f86663df425790fdf36f991e42e8",
            "type": "String"
        },
        "virtualMachines_VM2_21Jan_id": {
            "defaultValue": "/subscriptions/00fc6d8c-f624-42a9-b509-c0559c5590ac/resourceGroups/ResGrp-21Jan-1/providers/Microsoft.Compute/disks/VM2-21Jan_OsDisk_1_ce7b104cd22c4e6fae04e2a473befb0f",
            "type": "String"
        },
        "applicationGateways_myAppGateway_id": {
            "defaultValue": "/subscriptions/00fc6d8c-f624-42a9-b509-c0559c5590ac/resourceGroups/ResGrp-21Jan-1/providers/Microsoft.Network/applicationGateways/myAppGateway/frontendIPConfigurations/appGatewayFrontendIP",
            "type": "String"
        },
        "applicationGateways_myAppGateway_id_1": {
            "defaultValue": "/subscriptions/00fc6d8c-f624-42a9-b509-c0559c5590ac/resourceGroups/ResGrp-21Jan-1/providers/Microsoft.Network/applicationGateways/myAppGateway/frontendPorts/appGatewayFrontendPort",
            "type": "String"
        },
        "applicationGateways_myAppGateway_id_2": {
            "defaultValue": "/subscriptions/00fc6d8c-f624-42a9-b509-c0559c5590ac/resourceGroups/ResGrp-21Jan-1/providers/Microsoft.Network/applicationGateways/myAppGateway/httpListeners/appGatewayHttpListener",
            "type": "String"
        },
        "applicationGateways_myAppGateway_id_3": {
            "defaultValue": "/subscriptions/00fc6d8c-f624-42a9-b509-c0559c5590ac/resourceGroups/ResGrp-21Jan-1/providers/Microsoft.Network/applicationGateways/myAppGateway/backendAddressPools/appGatewayBackendPool",
            "type": "String"
        },
        "applicationGateways_myAppGateway_id_4": {
            "defaultValue": "/subscriptions/00fc6d8c-f624-42a9-b509-c0559c5590ac/resourceGroups/ResGrp-21Jan-1/providers/Microsoft.Network/applicationGateways/myAppGateway/backendHttpSettingsCollection/appGatewayBackendHttpSettings",
            "type": "String"
        }
    },
    "variables": {},
    "resources": [
        {
            "comments": "Generalized from resource: '/subscriptions/00fc6d8c-f624-42a9-b509-c0559c5590ac/resourceGroups/ResGrp-21Jan-1/providers/Microsoft.Compute/availabilitySets/VMsetForBackup'.",
            "type": "Microsoft.Compute/availabilitySets",
            "sku": {
                "name": "Aligned"
            },
            "name": "[parameters('availabilitySets_VMsetForBackup_name')]",
            "apiVersion": "2018-06-01",
            "location": "eastus",
            "tags": {},
            "scale": null,
            "properties": {
                "platformUpdateDomainCount": 5,
                "platformFaultDomainCount": 2,
                "virtualMachines": [
                    {
                        "id": "[resourceId('Microsoft.Compute/virtualMachines', parameters('virtualMachines_myVM_name'))]"
                    }
                ]
            },
            "dependsOn": [
                "[resourceId('Microsoft.Compute/virtualMachines', parameters('virtualMachines_myVM_name'))]"
            ]
        },
        {
            "comments": "Generalized from resource: '/subscriptions/00fc6d8c-f624-42a9-b509-c0559c5590ac/resourceGroups/ResGrp-21Jan-1/providers/Microsoft.Compute/virtualMachines/myVM'.",
            "type": "Microsoft.Compute/virtualMachines",
            "name": "[parameters('virtualMachines_myVM_name')]",
            "apiVersion": "2018-06-01",
            "location": "eastus",
            "tags": {},
            "scale": null,
            "properties": {
                "availabilitySet": {
                    "id": "[resourceId('Microsoft.Compute/availabilitySets', parameters('availabilitySets_VMsetForBackup_name'))]"
                },
                "hardwareProfile": {
                    "vmSize": "Standard_B2s"
                },
                "storageProfile": {
                    "imageReference": {
                        "publisher": "MicrosoftWindowsServer",
                        "offer": "WindowsServer",
                        "sku": "2016-Datacenter",
                        "version": "latest"
                    },
                    "osDisk": {
                        "osType": "Windows",
                        "name": "[concat(parameters('virtualMachines_myVM_name'),'_OsDisk_1_0c90f86663df425790fdf36f991e42e8')]",
                        "createOption": "FromImage",
                        "caching": "ReadWrite",
                        "managedDisk": {
                            "storageAccountType": "Premium_LRS",
                            "id": "[parameters('virtualMachines_myVM_id')]"
                        },
                        "diskSizeGB": 127
                    },
                    "dataDisks": []
                },
                "osProfile": {
                    "computerName": "[parameters('virtualMachines_myVM_name')]",
                    "adminUsername": "azureuser",
                    "windowsConfiguration": {
                        "provisionVMAgent": true,
                        "enableAutomaticUpdates": true
                    },
                    "secrets": [],
                    "allowExtensionOperations": true
                },
                "networkProfile": {
                    "networkInterfaces": [
                        {
                            "id": "[resourceId('Microsoft.Network/networkInterfaces', parameters('networkInterfaces_myvm827_name'))]"
                        }
                    ]
                },
                "diagnosticsProfile": {
                    "bootDiagnostics": {
                        "enabled": true,
                        "storageUri": "[concat('https', '://', parameters('storageAccounts_resgrp21jan1diag_name'), '.blob.core.windows.net', '/')]"
                    }
                }
            },
            "dependsOn": [
                "[resourceId('Microsoft.Compute/availabilitySets', parameters('availabilitySets_VMsetForBackup_name'))]",
                "[resourceId('Microsoft.Network/networkInterfaces', parameters('networkInterfaces_myvm827_name'))]",
                "[resourceId('Microsoft.Storage/storageAccounts', parameters('storageAccounts_resgrp21jan1diag_name'))]"
            ]
        },
        {
            "comments": "Generalized from resource: '/subscriptions/00fc6d8c-f624-42a9-b509-c0559c5590ac/resourceGroups/ResGrp-21Jan-1/providers/Microsoft.Compute/virtualMachines/VM2-21Jan'.",
            "type": "Microsoft.Compute/virtualMachines",
            "name": "[parameters('virtualMachines_VM2_21Jan_name')]",
            "apiVersion": "2018-06-01",
            "location": "eastus",
            "tags": {},
            "scale": null,
            "properties": {
                "hardwareProfile": {
                    "vmSize": "Standard_B1ms"
                },
                "storageProfile": {
                    "imageReference": {
                        "publisher": "MicrosoftWindowsServer",
                        "offer": "WindowsServer",
                        "sku": "2016-Datacenter",
                        "version": "latest"
                    },
                    "osDisk": {
                        "osType": "Windows",
                        "name": "[concat(parameters('virtualMachines_VM2_21Jan_name'),'_OsDisk_1_ce7b104cd22c4e6fae04e2a473befb0f')]",
                        "createOption": "FromImage",
                        "caching": "ReadWrite",
                        "managedDisk": {
                            "storageAccountType": "Premium_LRS",
                            "id": "[parameters('virtualMachines_VM2_21Jan_id')]"
                        },
                        "diskSizeGB": 127
                    },
                    "dataDisks": []
                },
                "osProfile": {
                    "computerName": "[parameters('virtualMachines_VM2_21Jan_name')]",
                    "adminUsername": "azureuser",
                    "windowsConfiguration": {
                        "provisionVMAgent": true,
                        "enableAutomaticUpdates": true
                    },
                    "secrets": [],
                    "allowExtensionOperations": true
                },
                "networkProfile": {
                    "networkInterfaces": [
                        {
                            "id": "[resourceId('Microsoft.Network/networkInterfaces', parameters('networkInterfaces_vm2_21jan187_name'))]"
                        }
                    ]
                },
                "diagnosticsProfile": {
                    "bootDiagnostics": {
                        "enabled": true,
                        "storageUri": "[concat('https', '://', parameters('storageAccounts_resgrp21jan1diag_name'), '.blob.core.windows.net', '/')]"
                    }
                }
            },
            "dependsOn": [
                "[resourceId('Microsoft.Network/networkInterfaces', parameters('networkInterfaces_vm2_21jan187_name'))]",
                "[resourceId('Microsoft.Storage/storageAccounts', parameters('storageAccounts_resgrp21jan1diag_name'))]"
            ]
        },
        {
            "comments": "Generalized from resource: '/subscriptions/00fc6d8c-f624-42a9-b509-c0559c5590ac/resourceGroups/ResGrp-21Jan-1/providers/Microsoft.Network/applicationGateways/myAppGateway'.",
            "type": "Microsoft.Network/applicationGateways",
            "name": "[parameters('applicationGateways_myAppGateway_name')]",
            "apiVersion": "2018-10-01",
            "location": "eastus",
            "scale": null,
            "properties": {
                "provisioningState": "Succeeded",
                "resourceGuid": "414bea7d-94ce-4dde-843d-c390b64649b6",
                "sku": {
                    "name": "WAF_Medium",
                    "tier": "WAF",
                    "capacity": 2
                },
                "gatewayIPConfigurations": [
                    {
                        "name": "appGatewayIpConfig",
                        "etag": "W/\"1b792a78-dbe3-4091-bee5-898a609c0d8d\"",
                        "properties": {
                            "provisioningState": "Succeeded",
                            "subnet": {
                                "id": "[resourceId('Microsoft.Network/virtualNetworks/subnets', parameters('virtualNetworks_myVNet_name'), parameters('subnets_myAGSubnet_name'))]"
                            }
                        },
                        "type": "Microsoft.Network/applicationGateways/gatewayIPConfigurations"
                    }
                ],
                "sslCertificates": [],
                "authenticationCertificates": [],
                "frontendIPConfigurations": [
                    {
                        "name": "appGatewayFrontendIP",
                        "etag": "W/\"1b792a78-dbe3-4091-bee5-898a609c0d8d\"",
                        "type": "Microsoft.Network/applicationGateways/frontendIPConfigurations",
                        "properties": {
                            "provisioningState": "Succeeded",
                            "privateIPAllocationMethod": "Dynamic",
                            "publicIPAddress": {
                                "id": "[resourceId('Microsoft.Network/publicIPAddresses', parameters('publicIPAddresses_myAGPublicIPAddress_name'))]"
                            }
                        }
                    }
                ],
                "frontendPorts": [
                    {
                        "name": "appGatewayFrontendPort",
                        "etag": "W/\"1b792a78-dbe3-4091-bee5-898a609c0d8d\"",
                        "properties": {
                            "provisioningState": "Succeeded",
                            "port": 80
                        },
                        "type": "Microsoft.Network/applicationGateways/frontendPorts"
                    }
                ],
                "backendAddressPools": [
                    {
                        "name": "appGatewayBackendPool",
                        "etag": "W/\"1b792a78-dbe3-4091-bee5-898a609c0d8d\"",
                        "properties": {
                            "provisioningState": "Succeeded",
                            "backendIPConfigurations": [
                                {
                                    "id": "[concat(resourceId('Microsoft.Network/networkInterfaces', parameters('networkInterfaces_myvm827_name')), '/ipConfigurations/ipconfig1')]"
                                },
                                {
                                    "id": "[concat(resourceId('Microsoft.Network/networkInterfaces', parameters('networkInterfaces_vm2_21jan187_name')), '/ipConfigurations/ipconfig1')]"
                                }
                            ],
                            "backendAddresses": []
                        },
                        "type": "Microsoft.Network/applicationGateways/backendAddressPools"
                    }
                ],
                "backendHttpSettingsCollection": [
                    {
                        "name": "appGatewayBackendHttpSettings",
                        "etag": "W/\"1b792a78-dbe3-4091-bee5-898a609c0d8d\"",
                        "properties": {
                            "provisioningState": "Succeeded",
                            "port": 80,
                            "protocol": "Http",
                            "cookieBasedAffinity": "Disabled",
                            "pickHostNameFromBackendAddress": false,
                            "requestTimeout": 30
                        },
                        "type": "Microsoft.Network/applicationGateways/backendHttpSettingsCollection"
                    }
                ],
                "httpListeners": [
                    {
                        "name": "appGatewayHttpListener",
                        "etag": "W/\"1b792a78-dbe3-4091-bee5-898a609c0d8d\"",
                        "properties": {
                            "provisioningState": "Succeeded",
                            "frontendIPConfiguration": {
                                "id": "[parameters('applicationGateways_myAppGateway_id')]"
                            },
                            "frontendPort": {
                                "id": "[parameters('applicationGateways_myAppGateway_id_1')]"
                            },
                            "protocol": "Http",
                            "requireServerNameIndication": false
                        },
                        "type": "Microsoft.Network/applicationGateways/httpListeners"
                    }
                ],
                "urlPathMaps": [],
                "requestRoutingRules": [
                    {
                        "name": "rule1",
                        "etag": "W/\"1b792a78-dbe3-4091-bee5-898a609c0d8d\"",
                        "properties": {
                            "provisioningState": "Succeeded",
                            "ruleType": "Basic",
                            "httpListener": {
                                "id": "[parameters('applicationGateways_myAppGateway_id_2')]"
                            },
                            "backendAddressPool": {
                                "id": "[parameters('applicationGateways_myAppGateway_id_3')]"
                            },
                            "backendHttpSettings": {
                                "id": "[parameters('applicationGateways_myAppGateway_id_4')]"
                            }
                        },
                        "type": "Microsoft.Network/applicationGateways/requestRoutingRules"
                    }
                ],
                "probes": [],
                "rewriteRuleSets": [],
                "redirectConfigurations": [],
                "webApplicationFirewallConfiguration": {
                    "enabled": false,
                    "firewallMode": "Detection",
                    "ruleSetType": "OWASP",
                    "ruleSetVersion": "2.2.9",
                    "disabledRuleGroups": []
                },
                "enableHttp2": false
            },
            "dependsOn": [
                "[resourceId('Microsoft.Network/virtualNetworks/subnets', parameters('virtualNetworks_myVNet_name'), parameters('subnets_myAGSubnet_name'))]",
                "[resourceId('Microsoft.Network/publicIPAddresses', parameters('publicIPAddresses_myAGPublicIPAddress_name'))]",
                "[resourceId('Microsoft.Network/networkInterfaces', parameters('networkInterfaces_myvm827_name'))]",
                "[resourceId('Microsoft.Network/networkInterfaces', parameters('networkInterfaces_vm2_21jan187_name'))]"
            ]
        },
        {
            "comments": "Generalized from resource: '/subscriptions/00fc6d8c-f624-42a9-b509-c0559c5590ac/resourceGroups/ResGrp-21Jan-1/providers/Microsoft.Network/networkInterfaces/myvm827'.",
            "type": "Microsoft.Network/networkInterfaces",
            "name": "[parameters('networkInterfaces_myvm827_name')]",
            "apiVersion": "2018-10-01",
            "location": "eastus",
            "scale": null,
            "properties": {
                "provisioningState": "Succeeded",
                "resourceGuid": "2925c156-ddd2-4ccc-b1d6-a82095cf0db9",
                "ipConfigurations": [
                    {
                        "name": "ipconfig1",
                        "etag": "W/\"52900945-9010-4d1b-b5ec-2b3de7d5257c\"",
                        "properties": {
                            "provisioningState": "Succeeded",
                            "privateIPAddress": "10.2.1.4",
                            "privateIPAllocationMethod": "Dynamic",
                            "publicIPAddress": {
                                "id": "[resourceId('Microsoft.Network/publicIPAddresses', parameters('publicIPAddresses_myVM_ip_name'))]"
                            },
                            "subnet": {
                                "id": "[resourceId('Microsoft.Network/virtualNetworks/subnets', parameters('virtualNetworks_myVNet_name'), parameters('subnets_myBackendSubnet_name'))]"
                            },
                            "primary": true,
                            "privateIPAddressVersion": "IPv4",
                            "applicationGatewayBackendAddressPools": [
                                {
                                    "id": "[concat(resourceId('Microsoft.Network/applicationGateways', parameters('applicationGateways_myAppGateway_name')), '/backendAddressPools/appGatewayBackendPool')]"
                                }
                            ]
                        }
                    }
                ],
                "dnsSettings": {
                    "dnsServers": [],
                    "appliedDnsServers": [],
                    "internalDomainNameSuffix": "utcrkruxlipe1ht51z1tfgup1g.bx.internal.cloudapp.net"
                },
                "macAddress": "00-0D-3A-12-A9-69",
                "enableAcceleratedNetworking": false,
                "enableIPForwarding": false,
                "networkSecurityGroup": {
                    "id": "[resourceId('Microsoft.Network/networkSecurityGroups', parameters('networkSecurityGroups_myVM_nsg_name'))]"
                },
                "primary": true,
                "tapConfigurations": []
            },
            "dependsOn": [
                "[resourceId('Microsoft.Network/publicIPAddresses', parameters('publicIPAddresses_myVM_ip_name'))]",
                "[resourceId('Microsoft.Network/virtualNetworks/subnets', parameters('virtualNetworks_myVNet_name'), parameters('subnets_myBackendSubnet_name'))]",
                "[resourceId('Microsoft.Network/applicationGateways', parameters('applicationGateways_myAppGateway_name'))]",
                "[resourceId('Microsoft.Network/networkSecurityGroups', parameters('networkSecurityGroups_myVM_nsg_name'))]"
            ]
        },
        {
            "comments": "Generalized from resource: '/subscriptions/00fc6d8c-f624-42a9-b509-c0559c5590ac/resourceGroups/ResGrp-21Jan-1/providers/Microsoft.Network/networkInterfaces/vm2-21jan187'.",
            "type": "Microsoft.Network/networkInterfaces",
            "name": "[parameters('networkInterfaces_vm2_21jan187_name')]",
            "apiVersion": "2018-10-01",
            "location": "eastus",
            "scale": null,
            "properties": {
                "provisioningState": "Succeeded",
                "resourceGuid": "2535e554-4ec6-4fa3-ab58-94a5eeacccdb",
                "ipConfigurations": [
                    {
                        "name": "ipconfig1",
                        "etag": "W/\"c40a17d1-4d00-4d12-bca4-ce158b938b2c\"",
                        "properties": {
                            "provisioningState": "Succeeded",
                            "privateIPAddress": "10.2.1.5",
                            "privateIPAllocationMethod": "Dynamic",
                            "publicIPAddress": {
                                "id": "[resourceId('Microsoft.Network/publicIPAddresses', parameters('publicIPAddresses_VM2_21Jan_ip_name'))]"
                            },
                            "subnet": {
                                "id": "[resourceId('Microsoft.Network/virtualNetworks/subnets', parameters('virtualNetworks_myVNet_name'), parameters('subnets_myBackendSubnet_name'))]"
                            },
                            "primary": true,
                            "privateIPAddressVersion": "IPv4",
                            "applicationGatewayBackendAddressPools": [
                                {
                                    "id": "[concat(resourceId('Microsoft.Network/applicationGateways', parameters('applicationGateways_myAppGateway_name')), '/backendAddressPools/appGatewayBackendPool')]"
                                }
                            ]
                        }
                    }
                ],
                "dnsSettings": {
                    "dnsServers": [],
                    "appliedDnsServers": [],
                    "internalDomainNameSuffix": "utcrkruxlipe1ht51z1tfgup1g.bx.internal.cloudapp.net"
                },
                "macAddress": "00-0D-3A-1F-2B-AF",
                "enableAcceleratedNetworking": false,
                "enableIPForwarding": false,
                "networkSecurityGroup": {
                    "id": "[resourceId('Microsoft.Network/networkSecurityGroups', parameters('networkSecurityGroups_VM2_21Jan_nsg_name'))]"
                },
                "primary": true,
                "tapConfigurations": []
            },
            "dependsOn": [
                "[resourceId('Microsoft.Network/publicIPAddresses', parameters('publicIPAddresses_VM2_21Jan_ip_name'))]",
                "[resourceId('Microsoft.Network/virtualNetworks/subnets', parameters('virtualNetworks_myVNet_name'), parameters('subnets_myBackendSubnet_name'))]",
                "[resourceId('Microsoft.Network/applicationGateways', parameters('applicationGateways_myAppGateway_name'))]",
                "[resourceId('Microsoft.Network/networkSecurityGroups', parameters('networkSecurityGroups_VM2_21Jan_nsg_name'))]"
            ]
        },
        {
            "comments": "Generalized from resource: '/subscriptions/00fc6d8c-f624-42a9-b509-c0559c5590ac/resourceGroups/ResGrp-21Jan-1/providers/Microsoft.Network/networkSecurityGroups/myVM-nsg'.",
            "type": "Microsoft.Network/networkSecurityGroups",
            "name": "[parameters('networkSecurityGroups_myVM_nsg_name')]",
            "apiVersion": "2018-10-01",
            "location": "eastus",
            "tags": {},
            "scale": null,
            "properties": {
                "provisioningState": "Succeeded",
                "resourceGuid": "43447be2-08b1-45f1-8fb0-69d3ace94fb6",
                "securityRules": [
                    {
                        "name": "RDP",
                        "etag": "W/\"04fc5b2f-df56-44a2-a5e1-cfe3f7e670b8\"",
                        "properties": {
                            "provisioningState": "Succeeded",
                            "protocol": "TCP",
                            "sourcePortRange": "*",
                            "destinationPortRange": "3389",
                            "sourceAddressPrefix": "*",
                            "destinationAddressPrefix": "*",
                            "access": "Allow",
                            "priority": 300,
                            "direction": "Inbound",
                            "sourcePortRanges": [],
                            "destinationPortRanges": [],
                            "sourceAddressPrefixes": [],
                            "destinationAddressPrefixes": []
                        }
                    },
                    {
                        "name": "Port_80",
                        "etag": "W/\"04fc5b2f-df56-44a2-a5e1-cfe3f7e670b8\"",
                        "properties": {
                            "provisioningState": "Succeeded",
                            "protocol": "*",
                            "sourcePortRange": "*",
                            "destinationPortRange": "80",
                            "sourceAddressPrefix": "*",
                            "destinationAddressPrefix": "*",
                            "access": "Allow",
                            "priority": 310,
                            "direction": "Inbound",
                            "sourcePortRanges": [],
                            "destinationPortRanges": [],
                            "sourceAddressPrefixes": [],
                            "destinationAddressPrefixes": []
                        }
                    }
                ],
                "defaultSecurityRules": [
                    {
                        "name": "AllowVnetInBound",
                        "etag": "W/\"04fc5b2f-df56-44a2-a5e1-cfe3f7e670b8\"",
                        "properties": {
                            "provisioningState": "Succeeded",
                            "description": "Allow inbound traffic from all VMs in VNET",
                            "protocol": "*",
                            "sourcePortRange": "*",
                            "destinationPortRange": "*",
                            "sourceAddressPrefix": "VirtualNetwork",
                            "destinationAddressPrefix": "VirtualNetwork",
                            "access": "Allow",
                            "priority": 65000,
                            "direction": "Inbound",
                            "sourcePortRanges": [],
                            "destinationPortRanges": [],
                            "sourceAddressPrefixes": [],
                            "destinationAddressPrefixes": []
                        }
                    },
                    {
                        "name": "AllowAzureLoadBalancerInBound",
                        "etag": "W/\"04fc5b2f-df56-44a2-a5e1-cfe3f7e670b8\"",
                        "properties": {
                            "provisioningState": "Succeeded",
                            "description": "Allow inbound traffic from azure load balancer",
                            "protocol": "*",
                            "sourcePortRange": "*",
                            "destinationPortRange": "*",
                            "sourceAddressPrefix": "AzureLoadBalancer",
                            "destinationAddressPrefix": "*",
                            "access": "Allow",
                            "priority": 65001,
                            "direction": "Inbound",
                            "sourcePortRanges": [],
                            "destinationPortRanges": [],
                            "sourceAddressPrefixes": [],
                            "destinationAddressPrefixes": []
                        }
                    },
                    {
                        "name": "DenyAllInBound",
                        "etag": "W/\"04fc5b2f-df56-44a2-a5e1-cfe3f7e670b8\"",
                        "properties": {
                            "provisioningState": "Succeeded",
                            "description": "Deny all inbound traffic",
                            "protocol": "*",
                            "sourcePortRange": "*",
                            "destinationPortRange": "*",
                            "sourceAddressPrefix": "*",
                            "destinationAddressPrefix": "*",
                            "access": "Deny",
                            "priority": 65500,
                            "direction": "Inbound",
                            "sourcePortRanges": [],
                            "destinationPortRanges": [],
                            "sourceAddressPrefixes": [],
                            "destinationAddressPrefixes": []
                        }
                    },
                    {
                        "name": "AllowVnetOutBound",
                        "etag": "W/\"04fc5b2f-df56-44a2-a5e1-cfe3f7e670b8\"",
                        "properties": {
                            "provisioningState": "Succeeded",
                            "description": "Allow outbound traffic from all VMs to all VMs in VNET",
                            "protocol": "*",
                            "sourcePortRange": "*",
                            "destinationPortRange": "*",
                            "sourceAddressPrefix": "VirtualNetwork",
                            "destinationAddressPrefix": "VirtualNetwork",
                            "access": "Allow",
                            "priority": 65000,
                            "direction": "Outbound",
                            "sourcePortRanges": [],
                            "destinationPortRanges": [],
                            "sourceAddressPrefixes": [],
                            "destinationAddressPrefixes": []
                        }
                    },
                    {
                        "name": "AllowInternetOutBound",
                        "etag": "W/\"04fc5b2f-df56-44a2-a5e1-cfe3f7e670b8\"",
                        "properties": {
                            "provisioningState": "Succeeded",
                            "description": "Allow outbound traffic from all VMs to Internet",
                            "protocol": "*",
                            "sourcePortRange": "*",
                            "destinationPortRange": "*",
                            "sourceAddressPrefix": "*",
                            "destinationAddressPrefix": "Internet",
                            "access": "Allow",
                            "priority": 65001,
                            "direction": "Outbound",
                            "sourcePortRanges": [],
                            "destinationPortRanges": [],
                            "sourceAddressPrefixes": [],
                            "destinationAddressPrefixes": []
                        }
                    },
                    {
                        "name": "DenyAllOutBound",
                        "etag": "W/\"04fc5b2f-df56-44a2-a5e1-cfe3f7e670b8\"",
                        "properties": {
                            "provisioningState": "Succeeded",
                            "description": "Deny all outbound traffic",
                            "protocol": "*",
                            "sourcePortRange": "*",
                            "destinationPortRange": "*",
                            "sourceAddressPrefix": "*",
                            "destinationAddressPrefix": "*",
                            "access": "Deny",
                            "priority": 65500,
                            "direction": "Outbound",
                            "sourcePortRanges": [],
                            "destinationPortRanges": [],
                            "sourceAddressPrefixes": [],
                            "destinationAddressPrefixes": []
                        }
                    }
                ]
            },
            "dependsOn": []
        },
        {
            "comments": "Generalized from resource: '/subscriptions/00fc6d8c-f624-42a9-b509-c0559c5590ac/resourceGroups/ResGrp-21Jan-1/providers/Microsoft.Network/networkSecurityGroups/VM2-21Jan-nsg'.",
            "type": "Microsoft.Network/networkSecurityGroups",
            "name": "[parameters('networkSecurityGroups_VM2_21Jan_nsg_name')]",
            "apiVersion": "2018-10-01",
            "location": "eastus",
            "tags": {},
            "scale": null,
            "properties": {
                "provisioningState": "Succeeded",
                "resourceGuid": "c58a3c44-c0e2-49c5-99cd-b59a3287b674",
                "securityRules": [
                    {
                        "name": "RDP",
                        "etag": "W/\"0a2d7443-2c18-44f7-96a6-99ff957a952b\"",
                        "properties": {
                            "provisioningState": "Succeeded",
                            "protocol": "TCP",
                            "sourcePortRange": "*",
                            "destinationPortRange": "3389",
                            "sourceAddressPrefix": "*",
                            "destinationAddressPrefix": "*",
                            "access": "Allow",
                            "priority": 300,
                            "direction": "Inbound",
                            "sourcePortRanges": [],
                            "destinationPortRanges": [],
                            "sourceAddressPrefixes": [],
                            "destinationAddressPrefixes": []
                        }
                    },
                    {
                        "name": "Port_80",
                        "etag": "W/\"0a2d7443-2c18-44f7-96a6-99ff957a952b\"",
                        "properties": {
                            "provisioningState": "Succeeded",
                            "protocol": "*",
                            "sourcePortRange": "*",
                            "destinationPortRange": "80",
                            "sourceAddressPrefix": "*",
                            "destinationAddressPrefix": "*",
                            "access": "Allow",
                            "priority": 310,
                            "direction": "Inbound",
                            "sourcePortRanges": [],
                            "destinationPortRanges": [],
                            "sourceAddressPrefixes": [],
                            "destinationAddressPrefixes": []
                        }
                    }
                ],
                "defaultSecurityRules": [
                    {
                        "name": "AllowVnetInBound",
                        "etag": "W/\"0a2d7443-2c18-44f7-96a6-99ff957a952b\"",
                        "properties": {
                            "provisioningState": "Succeeded",
                            "description": "Allow inbound traffic from all VMs in VNET",
                            "protocol": "*",
                            "sourcePortRange": "*",
                            "destinationPortRange": "*",
                            "sourceAddressPrefix": "VirtualNetwork",
                            "destinationAddressPrefix": "VirtualNetwork",
                            "access": "Allow",
                            "priority": 65000,
                            "direction": "Inbound",
                            "sourcePortRanges": [],
                            "destinationPortRanges": [],
                            "sourceAddressPrefixes": [],
                            "destinationAddressPrefixes": []
                        }
                    },
                    {
                        "name": "AllowAzureLoadBalancerInBound",
                        "etag": "W/\"0a2d7443-2c18-44f7-96a6-99ff957a952b\"",
                        "properties": {
                            "provisioningState": "Succeeded",
                            "description": "Allow inbound traffic from azure load balancer",
                            "protocol": "*",
                            "sourcePortRange": "*",
                            "destinationPortRange": "*",
                            "sourceAddressPrefix": "AzureLoadBalancer",
                            "destinationAddressPrefix": "*",
                            "access": "Allow",
                            "priority": 65001,
                            "direction": "Inbound",
                            "sourcePortRanges": [],
                            "destinationPortRanges": [],
                            "sourceAddressPrefixes": [],
                            "destinationAddressPrefixes": []
                        }
                    },
                    {
                        "name": "DenyAllInBound",
                        "etag": "W/\"0a2d7443-2c18-44f7-96a6-99ff957a952b\"",
                        "properties": {
                            "provisioningState": "Succeeded",
                            "description": "Deny all inbound traffic",
                            "protocol": "*",
                            "sourcePortRange": "*",
                            "destinationPortRange": "*",
                            "sourceAddressPrefix": "*",
                            "destinationAddressPrefix": "*",
                            "access": "Deny",
                            "priority": 65500,
                            "direction": "Inbound",
                            "sourcePortRanges": [],
                            "destinationPortRanges": [],
                            "sourceAddressPrefixes": [],
                            "destinationAddressPrefixes": []
                        }
                    },
                    {
                        "name": "AllowVnetOutBound",
                        "etag": "W/\"0a2d7443-2c18-44f7-96a6-99ff957a952b\"",
                        "properties": {
                            "provisioningState": "Succeeded",
                            "description": "Allow outbound traffic from all VMs to all VMs in VNET",
                            "protocol": "*",
                            "sourcePortRange": "*",
                            "destinationPortRange": "*",
                            "sourceAddressPrefix": "VirtualNetwork",
                            "destinationAddressPrefix": "VirtualNetwork",
                            "access": "Allow",
                            "priority": 65000,
                            "direction": "Outbound",
                            "sourcePortRanges": [],
                            "destinationPortRanges": [],
                            "sourceAddressPrefixes": [],
                            "destinationAddressPrefixes": []
                        }
                    },
                    {
                        "name": "AllowInternetOutBound",
                        "etag": "W/\"0a2d7443-2c18-44f7-96a6-99ff957a952b\"",
                        "properties": {
                            "provisioningState": "Succeeded",
                            "description": "Allow outbound traffic from all VMs to Internet",
                            "protocol": "*",
                            "sourcePortRange": "*",
                            "destinationPortRange": "*",
                            "sourceAddressPrefix": "*",
                            "destinationAddressPrefix": "Internet",
                            "access": "Allow",
                            "priority": 65001,
                            "direction": "Outbound",
                            "sourcePortRanges": [],
                            "destinationPortRanges": [],
                            "sourceAddressPrefixes": [],
                            "destinationAddressPrefixes": []
                        }
                    },
                    {
                        "name": "DenyAllOutBound",
                        "etag": "W/\"0a2d7443-2c18-44f7-96a6-99ff957a952b\"",
                        "properties": {
                            "provisioningState": "Succeeded",
                            "description": "Deny all outbound traffic",
                            "protocol": "*",
                            "sourcePortRange": "*",
                            "destinationPortRange": "*",
                            "sourceAddressPrefix": "*",
                            "destinationAddressPrefix": "*",
                            "access": "Deny",
                            "priority": 65500,
                            "direction": "Outbound",
                            "sourcePortRanges": [],
                            "destinationPortRanges": [],
                            "sourceAddressPrefixes": [],
                            "destinationAddressPrefixes": []
                        }
                    }
                ]
            },
            "dependsOn": []
        },
        {
            "comments": "Generalized from resource: '/subscriptions/00fc6d8c-f624-42a9-b509-c0559c5590ac/resourceGroups/ResGrp-21Jan-1/providers/Microsoft.Network/publicIPAddresses/myAGPublicIPAddress'.",
            "type": "Microsoft.Network/publicIPAddresses",
            "sku": {
                "name": "Basic",
                "tier": "Regional"
            },
            "name": "[parameters('publicIPAddresses_myAGPublicIPAddress_name')]",
            "apiVersion": "2018-10-01",
            "location": "eastus",
            "scale": null,
            "properties": {
                "provisioningState": "Succeeded",
                "resourceGuid": "5140f2e2-64d0-45bd-8f2f-73b92307c6c3",
                "ipAddress": "104.41.140.226",
                "publicIPAddressVersion": "IPv4",
                "publicIPAllocationMethod": "Dynamic",
                "idleTimeoutInMinutes": 4,
                "dnsSettings": {
                    "fqdn": "b6acf428-c35a-442f-9609-e3bbc5fd4f94.cloudapp.net",
                    "domainNameLabel": "[parameters('publicIPAddresses_myAGPublicIPAddress_domainNameLabel')]"
                },
                "ipTags": []
            },
            "dependsOn": []
        },
        {
            "comments": "Generalized from resource: '/subscriptions/00fc6d8c-f624-42a9-b509-c0559c5590ac/resourceGroups/ResGrp-21Jan-1/providers/Microsoft.Network/publicIPAddresses/myVM-ip'.",
            "type": "Microsoft.Network/publicIPAddresses",
            "sku": {
                "name": "Basic",
                "tier": "Regional"
            },
            "name": "[parameters('publicIPAddresses_myVM_ip_name')]",
            "apiVersion": "2018-10-01",
            "location": "eastus",
            "tags": {},
            "scale": null,
            "properties": {
                "provisioningState": "Succeeded",
                "resourceGuid": "6b95583e-3b16-4326-a2d6-cb3b54548c5d",
                "ipAddress": "40.121.107.45",
                "publicIPAddressVersion": "IPv4",
                "publicIPAllocationMethod": "Dynamic",
                "idleTimeoutInMinutes": 4,
                "ipTags": []
            },
            "dependsOn": []
        },
        {
            "comments": "Generalized from resource: '/subscriptions/00fc6d8c-f624-42a9-b509-c0559c5590ac/resourceGroups/ResGrp-21Jan-1/providers/Microsoft.Network/publicIPAddresses/VM2-21Jan-ip'.",
            "type": "Microsoft.Network/publicIPAddresses",
            "sku": {
                "name": "Basic",
                "tier": "Regional"
            },
            "name": "[parameters('publicIPAddresses_VM2_21Jan_ip_name')]",
            "apiVersion": "2018-10-01",
            "location": "eastus",
            "tags": {},
            "scale": null,
            "properties": {
                "provisioningState": "Succeeded",
                "resourceGuid": "92f9f676-c492-488a-a310-c7cd0e4996b7",
                "ipAddress": "40.87.82.155",
                "publicIPAddressVersion": "IPv4",
                "publicIPAllocationMethod": "Dynamic",
                "idleTimeoutInMinutes": 4,
                "ipTags": []
            },
            "dependsOn": []
        },
        {
            "comments": "Generalized from resource: '/subscriptions/00fc6d8c-f624-42a9-b509-c0559c5590ac/resourceGroups/ResGrp-21Jan-1/providers/Microsoft.Network/virtualNetworks/myVNet'.",
            "type": "Microsoft.Network/virtualNetworks",
            "name": "[parameters('virtualNetworks_myVNet_name')]",
            "apiVersion": "2018-10-01",
            "location": "eastus",
            "scale": null,
            "properties": {
                "provisioningState": "Succeeded",
                "resourceGuid": "4615c5a4-5a97-4d1e-9e7f-de77329a8fde",
                "addressSpace": {
                    "addressPrefixes": [
                        "10.2.0.0/16"
                    ]
                },
                "subnets": [
                    {
                        "name": "myAGSubnet",
                        "etag": "W/\"dd5e7988-8825-48c9-92ad-2eb8e018792d\"",
                        "properties": {
                            "provisioningState": "Succeeded",
                            "addressPrefix": "10.2.0.0/24",
                            "delegations": []
                        }
                    },
                    {
                        "name": "myBackendSubnet",
                        "etag": "W/\"dd5e7988-8825-48c9-92ad-2eb8e018792d\"",
                        "properties": {
                            "provisioningState": "Succeeded",
                            "addressPrefix": "10.2.1.0/24",
                            "serviceEndpoints": [],
                            "delegations": []
                        }
                    }
                ],
                "virtualNetworkPeerings": [],
                "enableDdosProtection": false,
                "enableVmProtection": false
            },
            "dependsOn": []
        },
        {
            "comments": "Generalized from resource: '/subscriptions/00fc6d8c-f624-42a9-b509-c0559c5590ac/resourceGroups/ResGrp-21Jan-1/providers/Microsoft.Storage/storageAccounts/resgrp21jan1diag'.",
            "type": "Microsoft.Storage/storageAccounts",
            "sku": {
                "name": "Standard_LRS",
                "tier": "Standard"
            },
            "kind": "Storage",
            "name": "[parameters('storageAccounts_resgrp21jan1diag_name')]",
            "apiVersion": "2018-07-01",
            "location": "eastus",
            "tags": {},
            "scale": null,
            "properties": {
                "networkAcls": {
                    "bypass": "AzureServices",
                    "virtualNetworkRules": [],
                    "ipRules": [],
                    "defaultAction": "Allow"
                },
                "supportsHttpsTrafficOnly": false,
                "encryption": {
                    "services": {
                        "file": {
                            "enabled": true
                        },
                        "blob": {
                            "enabled": true
                        }
                    },
                    "keySource": "Microsoft.Storage"
                }
            },
            "dependsOn": []
        },
        {
            "comments": "Generalized from resource: '/subscriptions/00fc6d8c-f624-42a9-b509-c0559c5590ac/resourceGroups/ResGrp-21Jan-1/providers/Microsoft.Storage/storageAccounts/myappgatewaystore1'.",
            "type": "Microsoft.Storage/storageAccounts",
            "sku": {
                "name": "Standard_RAGRS",
                "tier": "Standard"
            },
            "kind": "StorageV2",
            "name": "[parameters('storageAccounts_myappgatewaystore1_name')]",
            "apiVersion": "2018-07-01",
            "location": "eastus",
            "tags": {},
            "scale": null,
            "properties": {
                "networkAcls": {
                    "bypass": "AzureServices",
                    "virtualNetworkRules": [],
                    "ipRules": [],
                    "defaultAction": "Allow"
                },
                "supportsHttpsTrafficOnly": true,
                "encryption": {
                    "services": {
                        "file": {
                            "enabled": true
                        },
                        "blob": {
                            "enabled": true
                        }
                    },
                    "keySource": "Microsoft.Storage"
                },
                "accessTier": "Hot"
            },
            "dependsOn": []
        },
        {
            "comments": "Generalized from resource: '/subscriptions/00fc6d8c-f624-42a9-b509-c0559c5590ac/resourceGroups/ResGrp-21Jan-1/providers/Microsoft.Network/networkSecurityGroups/myVM-nsg/securityRules/RDP'.",
            "type": "Microsoft.Network/networkSecurityGroups/securityRules",
            "name": "[concat(parameters('networkSecurityGroups_myVM_nsg_name'), '/', parameters('securityRules_RDP_name'))]",
            "apiVersion": "2018-10-01",
            "scale": null,
            "properties": {
                "provisioningState": "Succeeded",
                "protocol": "TCP",
                "sourcePortRange": "*",
                "destinationPortRange": "3389",
                "sourceAddressPrefix": "*",
                "destinationAddressPrefix": "*",
                "access": "Allow",
                "priority": 300,
                "direction": "Inbound",
                "sourcePortRanges": [],
                "destinationPortRanges": [],
                "sourceAddressPrefixes": [],
                "destinationAddressPrefixes": []
            },
            "dependsOn": [
                "[resourceId('Microsoft.Network/networkSecurityGroups', parameters('networkSecurityGroups_myVM_nsg_name'))]"
            ]
        },
        {
            "comments": "Generalized from resource: '/subscriptions/00fc6d8c-f624-42a9-b509-c0559c5590ac/resourceGroups/ResGrp-21Jan-1/providers/Microsoft.Network/networkSecurityGroups/myVM-nsg/securityRules/Port_80'.",
            "type": "Microsoft.Network/networkSecurityGroups/securityRules",
            "name": "[concat(parameters('networkSecurityGroups_myVM_nsg_name'), '/', parameters('securityRules_Port_80_name'))]",
            "apiVersion": "2018-10-01",
            "scale": null,
            "properties": {
                "provisioningState": "Succeeded",
                "protocol": "*",
                "sourcePortRange": "*",
                "destinationPortRange": "80",
                "sourceAddressPrefix": "*",
                "destinationAddressPrefix": "*",
                "access": "Allow",
                "priority": 310,
                "direction": "Inbound",
                "sourcePortRanges": [],
                "destinationPortRanges": [],
                "sourceAddressPrefixes": [],
                "destinationAddressPrefixes": []
            },
            "dependsOn": [
                "[resourceId('Microsoft.Network/networkSecurityGroups', parameters('networkSecurityGroups_myVM_nsg_name'))]"
            ]
        },
        {
            "comments": "Generalized from resource: '/subscriptions/00fc6d8c-f624-42a9-b509-c0559c5590ac/resourceGroups/ResGrp-21Jan-1/providers/Microsoft.Network/networkSecurityGroups/VM2-21Jan-nsg/securityRules/RDP'.",
            "type": "Microsoft.Network/networkSecurityGroups/securityRules",
            "name": "[concat(parameters('networkSecurityGroups_VM2_21Jan_nsg_name'), '/', parameters('securityRules_RDP_name_1'))]",
            "apiVersion": "2018-10-01",
            "scale": null,
            "properties": {
                "provisioningState": "Succeeded",
                "protocol": "TCP",
                "sourcePortRange": "*",
                "destinationPortRange": "3389",
                "sourceAddressPrefix": "*",
                "destinationAddressPrefix": "*",
                "access": "Allow",
                "priority": 300,
                "direction": "Inbound",
                "sourcePortRanges": [],
                "destinationPortRanges": [],
                "sourceAddressPrefixes": [],
                "destinationAddressPrefixes": []
            },
            "dependsOn": [
                "[resourceId('Microsoft.Network/networkSecurityGroups', parameters('networkSecurityGroups_VM2_21Jan_nsg_name'))]"
            ]
        },
        {
            "comments": "Generalized from resource: '/subscriptions/00fc6d8c-f624-42a9-b509-c0559c5590ac/resourceGroups/ResGrp-21Jan-1/providers/Microsoft.Network/networkSecurityGroups/VM2-21Jan-nsg/securityRules/Port_80'.",
            "type": "Microsoft.Network/networkSecurityGroups/securityRules",
            "name": "[concat(parameters('networkSecurityGroups_VM2_21Jan_nsg_name'), '/', parameters('securityRules_Port_80_name_1'))]",
            "apiVersion": "2018-10-01",
            "scale": null,
            "properties": {
                "provisioningState": "Succeeded",
                "protocol": "*",
                "sourcePortRange": "*",
                "destinationPortRange": "80",
                "sourceAddressPrefix": "*",
                "destinationAddressPrefix": "*",
                "access": "Allow",
                "priority": 310,
                "direction": "Inbound",
                "sourcePortRanges": [],
                "destinationPortRanges": [],
                "sourceAddressPrefixes": [],
                "destinationAddressPrefixes": []
            },
            "dependsOn": [
                "[resourceId('Microsoft.Network/networkSecurityGroups', parameters('networkSecurityGroups_VM2_21Jan_nsg_name'))]"
            ]
        },
        {
            "comments": "Generalized from resource: '/subscriptions/00fc6d8c-f624-42a9-b509-c0559c5590ac/resourceGroups/ResGrp-21Jan-1/providers/Microsoft.Network/virtualNetworks/myVNet/subnets/myAGSubnet'.",
            "type": "Microsoft.Network/virtualNetworks/subnets",
            "name": "[concat(parameters('virtualNetworks_myVNet_name'), '/', parameters('subnets_myAGSubnet_name'))]",
            "apiVersion": "2018-10-01",
            "scale": null,
            "properties": {
                "provisioningState": "Succeeded",
                "addressPrefix": "10.2.0.0/24",
                "delegations": []
            },
            "dependsOn": [
                "[resourceId('Microsoft.Network/virtualNetworks', parameters('virtualNetworks_myVNet_name'))]"
            ]
        },
        {
            "comments": "Generalized from resource: '/subscriptions/00fc6d8c-f624-42a9-b509-c0559c5590ac/resourceGroups/ResGrp-21Jan-1/providers/Microsoft.Network/virtualNetworks/myVNet/subnets/myBackendSubnet'.",
            "type": "Microsoft.Network/virtualNetworks/subnets",
            "name": "[concat(parameters('virtualNetworks_myVNet_name'), '/', parameters('subnets_myBackendSubnet_name'))]",
            "apiVersion": "2018-10-01",
            "scale": null,
            "properties": {
                "provisioningState": "Succeeded",
                "addressPrefix": "10.2.1.0/24",
                "serviceEndpoints": [],
                "delegations": []
            },
            "dependsOn": [
                "[resourceId('Microsoft.Network/virtualNetworks', parameters('virtualNetworks_myVNet_name'))]"
            ]
        }
    ]
}