{
    "$schema": "http://schema.management.azure.com/schemas/2015-01-01/deploymentTemplate.json#",
    "contentVersion": "1.0.0.0",
    "parameters": {
        "location": {
            "type": "string"
        },
        "applicationGatewayName": {
            "type": "string"
        },
        "tier": {
            "type": "string"
        },
        "skuSize": {
            "type": "string"
        },
        "capacity": {
            "type": "int",
            "defaultValue": 2
        },
        "frontEndPort": {
            "type": "int"
        },
        "subnetName": {
            "type": "string"
        },
        "enableHttp2": {
            "type": "bool"
        },
        "zones": {
            "type": "array"
        },
        "virtualNetworkName": {
            "type": "string"
        },
        "virtualNetworkPrefix": {
            "type": "string"
        },
        "subnetPrefix": {
            "type": "string"
        },
        "publicIpAddressName": {
            "type": "string"
        },
        "sku": {
            "type": "string"
        },
        "allocationMethod": {
            "type": "string"
        },
        "publicIpZones": {
            "type": "array"
        },
        "idleTimeoutInMinutes": {
            "type": "int"
        }
    },
    "variables": {
        "vnetId": "[resourceId('23JanResGrp10am','Microsoft.Network/virtualNetworks/', parameters('virtualNetworkName'))]",
        "publicIPRef": "[resourceId('Microsoft.Network/publicIPAddresses/', parameters('publicIpAddressName'))]",
        "subnetRef": "[concat(variables('vnetId'), '/subnets/', parameters('subnetName'))]",
        "applicationGatewayID": "[resourceId('Microsoft.Network/applicationGateways', parameters('applicationGatewayName'))]"
    },
    "resources": [
        {
            "name": "[parameters('applicationGatewayName')]",
            "type": "Microsoft.Network/applicationGateways",
            "apiVersion": "2018-10-01",
            "location": "[parameters('location')]",
            "zones": "[parameters('zones')]",
            "dependsOn": [
                "[concat('Microsoft.Network/virtualNetworks/', parameters('virtualNetworkName'))]",
                "[concat('Microsoft.Network/publicIPAddresses/', parameters('publicIpAddressName'))]"
            ],
            "properties": {
                "sku": {
                    "name": "[parameters('skuSize')]",
                    "tier": "[parameters('tier')]",
                    "capacity": "[parameters('capacity')]"
                },
                "gatewayIPConfigurations": [
                    {
                        "name": "appGatewayIpConfig",
                        "properties": {
                            "subnet": {
                                "id": "[variables('subnetRef')]"
                            }
                        }
                    }
                ],
                "frontendIPConfigurations": [
                    {
                        "name": "appGatewayFrontendIP",
                        "properties": {
                            "PublicIPAddress": {
                                "id": "[variables('publicIPRef')]"
                            }
                        }
                    }
                ],
                "frontendPorts": [
                    {
                        "name": "appGatewayFrontendPort",
                        "properties": {
                            "Port": 80
                        }
                    }
                ],
                "backendAddressPools": [
                    {
                        "name": "appGatewayBackendPool",
                        "properties": {
                            "BackendAddresses": []
                        }
                    }
                ],
                "backendHttpSettingsCollection": [
                    {
                        "name": "appGatewayBackendHttpSettings",
                        "properties": {
                            "Port": 80,
                            "Protocol": "Http",
                            "CookieBasedAffinity": "Disabled"
                        }
                    }
                ],
                "httpListeners": [
                    {
                        "name": "appGatewayHttpListener",
                        "properties": {
                            "FrontendIPConfiguration": {
                                "Id": "[concat(variables('applicationGatewayID'), '/frontendIPConfigurations/appGatewayFrontendIP')]"
                            },
                            "FrontendPort": {
                                "Id": "[concat(variables('applicationGatewayID'), '/frontendPorts/appGatewayFrontendPort')]"
                            },
                            "Protocol": "Http",
                            "SslCertificate": null
                        }
                    }
                ],
                "requestRoutingRules": [
                    {
                        "Name": "rule1",
                        "properties": {
                            "RuleType": "Basic",
                            "httpListener": {
                                "id": "[concat(variables('applicationGatewayID'), '/httpListeners/appGatewayHttpListener')]"
                            },
                            "backendAddressPool": {
                                "id": "[concat(variables('applicationGatewayID'), '/backendAddressPools/appGatewayBackendPool')]"
                            },
                            "backendHttpSettings": {
                                "id": "[concat(variables('applicationGatewayID'), '/backendHttpSettingsCollection/appGatewayBackendHttpSettings')]"
                            }
                        }
                    }
                ],
                "enableHttp2": "[parameters('enableHttp2')]",
                "sslCertificates": [],
                "webApplicationFirewallConfiguration": {
                    "enabled": true,
                    "firewallMode": "Detection",
                    "ruleSetType": "OWASP",
                    "ruleSetVersion": "3.0"
                }
            }
        },
        {
            "apiVersion": "2018-08-01",
            "type": "Microsoft.Network/virtualNetworks",
            "name": "[parameters('virtualNetworkName')]",
            "location": "[parameters('location')]",
            "properties": {
                "addressSpace": {
                    "addressPrefixes": [
                        "[parameters('virtualNetworkPrefix')]"
                    ]
                },
                "subnets": [
                    {
                        "name": "[parameters('subnetName')]",
                        "properties": {
                            "addressPrefix": "[parameters('subnetPrefix')]"
                        }
                    }
                ]
            }
        },
        {
            "apiVersion": "2018-08-01",
            "type": "Microsoft.Network/publicIPAddresses",
            "name": "[parameters('publicIpAddressName')]",
            "location": "[parameters('location')]",
            "sku": {
                "name": "[parameters('sku')]"
            },
            "zones": "[parameters('publicIpZones')]",
            "properties": {
                "publicIPAllocationMethod": "[parameters('allocationMethod')]",
                "idleTimeoutInMinutes": "[parameters('idleTimeoutInMinutes')]"
            }
        }
    ]
}